target,feature,weight
tank_level_m3,tank_level_m3_lag1,1.0128805847964237
tank_level_m3,total_pump_power_kw_lag1,0.32364682896488006
tank_level_m3,pump_1_flow_m3h_lag1,-0.2118979652122216
tank_level_m3,pump_2_flow_m3h_lag1,-0.18389582627241172
tank_level_m3,pump_3_flow_m3h_lag1,-0.2289648898167334
tank_level_m3,pump_4_flow_m3h_lag1,-0.18521697757182048
tank_level_m3,tank_level_m3_lag2,-0.007028336440168814
tank_level_m3,total_pump_power_kw_lag2,-0.4770582868212514
tank_level_m3,pump_1_flow_m3h_lag2,0.28452919419156003
tank_level_m3,pump_2_flow_m3h_lag2,0.3400206078978348
tank_level_m3,pump_3_flow_m3h_lag2,0.2655938860537119
tank_level_m3,pump_4_flow_m3h_lag2,0.24266379484526396
tank_level_m3,tank_level_m3_lag3,-0.0024454044902613575
tank_level_m3,total_pump_power_kw_lag3,-0.34988260418866135
tank_level_m3,pump_1_flow_m3h_lag3,0.20468949077810464
tank_level_m3,pump_2_flow_m3h_lag3,0.2031450529758218
tank_level_m3,pump_3_flow_m3h_lag3,0.20687775101312925
tank_level_m3,pump_4_flow_m3h_lag3,0.18357376537586267
tank_level_m3,tank_level_m3_lag4,0.03754616521807813
tank_level_m3,total_pump_power_kw_lag4,-0.08460669610597771
tank_level_m3,pump_1_flow_m3h_lag4,-0.004800417477091257
tank_level_m3,pump_2_flow_m3h_lag4,-0.045061700172836644
tank_level_m3,pump_3_flow_m3h_lag4,0.059098915322902325
tank_level_m3,pump_4_flow_m3h_lag4,-0.01790257426658967
tank_level_m3,tank_level_m3_lag5,-0.012594541561164754
tank_level_m3,total_pump_power_kw_lag5,-0.11751147251028066
tank_level_m3,pump_1_flow_m3h_lag5,0.030357600898505532
tank_level_m3,pump_2_flow_m3h_lag5,0.02798213047769932
tank_level_m3,pump_3_flow_m3h_lag5,0.09223180936354344
tank_level_m3,pump_4_flow_m3h_lag5,0.022961981659545744
tank_level_m3,tank_level_m3_lag6,-0.061629695897641834
tank_level_m3,total_pump_power_kw_lag6,0.32277419450905687
tank_level_m3,pump_1_flow_m3h_lag6,-0.1298788284267182
tank_level_m3,pump_2_flow_m3h_lag6,-0.12303978038278247
tank_level_m3,pump_3_flow_m3h_lag6,-0.10985122486587928
tank_level_m3,pump_4_flow_m3h_lag6,-0.15995649963951125
tank_level_m3,tank_level_m3_lag7,-0.0017938880444764473
tank_level_m3,total_pump_power_kw_lag7,0.06748079666193763
tank_level_m3,pump_1_flow_m3h_lag7,0.052791922162503335
tank_level_m3,pump_2_flow_m3h_lag7,0.03705553851604509
tank_level_m3,pump_3_flow_m3h_lag7,-0.011180651477257289
tank_level_m3,pump_4_flow_m3h_lag7,0.02694433910090989
tank_level_m3,tank_level_m3_lag8,0.02576744724675241
tank_level_m3,total_pump_power_kw_lag8,0.014178510238220532
tank_level_m3,pump_1_flow_m3h_lag8,0.04994320899224382
tank_level_m3,pump_2_flow_m3h_lag8,0.035218518880248004
tank_level_m3,pump_3_flow_m3h_lag8,-0.007192349069744211
tank_level_m3,pump_4_flow_m3h_lag8,0.007201511659373966
tank_level_m3,tank_level_m3_lag9,0.01080641947322114
tank_level_m3,total_pump_power_kw_lag9,-0.05040388362751884
tank_level_m3,pump_1_flow_m3h_lag9,0.0016243539857804835
tank_level_m3,pump_2_flow_m3h_lag9,-0.0026923061428309122
tank_level_m3,pump_3_flow_m3h_lag9,0.0485764797950859
tank_level_m3,pump_4_flow_m3h_lag9,0.04989408795640488
tank_level_m3,tank_level_m3_lag10,0.011446058728805622
tank_level_m3,total_pump_power_kw_lag10,0.5004844833789318
tank_level_m3,pump_1_flow_m3h_lag10,-0.359651056723511
tank_level_m3,pump_2_flow_m3h_lag10,-0.34676391716902133
tank_level_m3,pump_3_flow_m3h_lag10,-0.2722287303200887
tank_level_m3,pump_4_flow_m3h_lag10,-0.3063797382606709
tank_level_m3,tank_level_m3_lag11,-0.005957442414204817
tank_level_m3,total_pump_power_kw_lag11,0.2862620296262907
tank_level_m3,pump_1_flow_m3h_lag11,-0.14931654108104125
tank_level_m3,pump_2_flow_m3h_lag11,-0.1612290510944269
tank_level_m3,pump_3_flow_m3h_lag11,-0.1848823568898521
tank_level_m3,pump_4_flow_m3h_lag11,-0.1928015858161038
tank_level_m3,tank_level_m3_lag12,-0.009882498641391235
tank_level_m3,total_pump_power_kw_lag12,-0.07203001940194387
tank_level_m3,pump_1_flow_m3h_lag12,0.15151653759631678
tank_level_m3,pump_2_flow_m3h_lag12,0.07459657288784315
tank_level_m3,pump_3_flow_m3h_lag12,0.034596261008988494
tank_level_m3,pump_4_flow_m3h_lag12,0.050771879127971466
tank_level_m3,tank_level_m3_lag13,0.017802262400766045
tank_level_m3,total_pump_power_kw_lag13,-0.2785666365646671
tank_level_m3,pump_1_flow_m3h_lag13,0.18735702848173158
tank_level_m3,pump_2_flow_m3h_lag13,0.19276431844934983
tank_level_m3,pump_3_flow_m3h_lag13,0.16503495130374962
tank_level_m3,pump_4_flow_m3h_lag13,0.18417726195792353
tank_level_m3,tank_level_m3_lag14,-0.036803026804543004
tank_level_m3,total_pump_power_kw_lag14,-0.17350564387223555
tank_level_m3,pump_1_flow_m3h_lag14,0.1372901750421559
tank_level_m3,pump_2_flow_m3h_lag14,0.17411390090343407
tank_level_m3,pump_3_flow_m3h_lag14,0.2128843491016179
tank_level_m3,pump_4_flow_m3h_lag14,0.14850988715682373
tank_level_m3,tank_level_m3_lag15,0.021445836243760452
tank_level_m3,total_pump_power_kw_lag15,0.0067078101887143304
tank_level_m3,pump_1_flow_m3h_lag15,-0.0019563268369597875
tank_level_m3,pump_2_flow_m3h_lag15,0.04092451868192469
tank_level_m3,pump_3_flow_m3h_lag15,0.015876780198347214
tank_level_m3,pump_4_flow_m3h_lag15,-0.04389958262878431
tank_level_m3,tank_level_m3_lag16,0.020265342109381787
tank_level_m3,total_pump_power_kw_lag16,-0.04115473275581434
tank_level_m3,pump_1_flow_m3h_lag16,-0.02804700906090213
tank_level_m3,pump_2_flow_m3h_lag16,0.014495865963830012
tank_level_m3,pump_3_flow_m3h_lag16,-0.010113765000064945
tank_level_m3,pump_4_flow_m3h_lag16,0.0071529612023069344
tank_level_m3,tank_level_m3_lag17,-0.01917902865210535
tank_level_m3,total_pump_power_kw_lag17,0.3254145746600283
tank_level_m3,pump_1_flow_m3h_lag17,-0.24437940688926113
tank_level_m3,pump_2_flow_m3h_lag17,-0.19075828067641692
tank_level_m3,pump_3_flow_m3h_lag17,-0.21192803404703317
tank_level_m3,pump_4_flow_m3h_lag17,-0.15800820249215916
tank_level_m3,tank_level_m3_lag18,-0.008570524283733314
tank_level_m3,total_pump_power_kw_lag18,0.20624892996066446
tank_level_m3,pump_1_flow_m3h_lag18,-0.1536069172014595
tank_level_m3,pump_2_flow_m3h_lag18,-0.14671534233960548
tank_level_m3,pump_3_flow_m3h_lag18,-0.06789298917008535
tank_level_m3,pump_4_flow_m3h_lag18,-0.12142273981794754
tank_level_m3,tank_level_m3_lag19,0.015152735244636617
tank_level_m3,total_pump_power_kw_lag19,-0.06623322518296873
tank_level_m3,pump_1_flow_m3h_lag19,0.07722953752944858
tank_level_m3,pump_2_flow_m3h_lag19,0.01275586806991759
tank_level_m3,pump_3_flow_m3h_lag19,0.06715760441333357
tank_level_m3,pump_4_flow_m3h_lag19,-0.002986979673563043
tank_level_m3,tank_level_m3_lag20,-0.0129011495896421
tank_level_m3,total_pump_power_kw_lag20,-0.08597664349525534
tank_level_m3,pump_1_flow_m3h_lag20,0.08923091116153674
tank_level_m3,pump_2_flow_m3h_lag20,0.06954902582409601
tank_level_m3,pump_3_flow_m3h_lag20,0.11008558678055078
tank_level_m3,pump_4_flow_m3h_lag20,0.037462643467074716
tank_level_m3,tank_level_m3_lag21,0.025156251435494936
tank_level_m3,total_pump_power_kw_lag21,-0.07899513575427827
tank_level_m3,pump_1_flow_m3h_lag21,0.044828031481506436
tank_level_m3,pump_2_flow_m3h_lag21,0.07339693375747114
tank_level_m3,pump_3_flow_m3h_lag21,-0.016341210531577777
tank_level_m3,pump_4_flow_m3h_lag21,0.03975701777692965
tank_level_m3,tank_level_m3_lag22,-0.018882058490887532
tank_level_m3,total_pump_power_kw_lag22,0.11517401687275115
tank_level_m3,pump_1_flow_m3h_lag22,-0.06783050614404607
tank_level_m3,pump_2_flow_m3h_lag22,-0.01991689592971637
tank_level_m3,pump_3_flow_m3h_lag22,-0.13961733914065283
tank_level_m3,pump_4_flow_m3h_lag22,-0.09958344032217975
tank_level_m3,tank_level_m3_lag23,-0.0072899590355707256
tank_level_m3,total_pump_power_kw_lag23,-0.3568922772059154
tank_level_m3,pump_1_flow_m3h_lag23,0.19342277704864502
tank_level_m3,pump_2_flow_m3h_lag23,0.22521636837201456
tank_level_m3,pump_3_flow_m3h_lag23,0.24295606701228978
tank_level_m3,pump_4_flow_m3h_lag23,0.18700061536679624
tank_level_m3,tank_level_m3_lag24,0.008406533065449723
tank_level_m3,total_pump_power_kw_lag24,-0.4491016917839316
tank_level_m3,pump_1_flow_m3h_lag24,0.27538116465299733
tank_level_m3,pump_2_flow_m3h_lag24,0.23486187822258825
tank_level_m3,pump_3_flow_m3h_lag24,0.33553949313283077
tank_level_m3,pump_4_flow_m3h_lag24,0.271605456062224
tank_level_m3,outflow_m3h_current,-0.9483091300111742
tank_level_m3,pump_1_setpoint_percent_current,0.2699715513717031
tank_level_m3,pump_2_setpoint_percent_current,0.2502640647610348
tank_level_m3,pump_3_setpoint_percent_current,0.2592035121435171
tank_level_m3,pump_4_setpoint_percent_current,0.271044054387104
tank_level_m3,intercept,-8.994859156697203
total_pump_power_kw,tank_level_m3_lag1,5.566805703135318e-16
total_pump_power_kw,total_pump_power_kw_lag1,-6.3074545586516706e-15
total_pump_power_kw,pump_1_flow_m3h_lag1,2.8570895649338013e-15
total_pump_power_kw,pump_2_flow_m3h_lag1,3.1676050671336498e-15
total_pump_power_kw,pump_3_flow_m3h_lag1,2.5431046157819992e-15
total_pump_power_kw,pump_4_flow_m3h_lag1,3.8246315836598654e-15
total_pump_power_kw,tank_level_m3_lag2,-4.926614671774132e-16
total_pump_power_kw,total_pump_power_kw_lag2,-3.282096816548119e-15
total_pump_power_kw,pump_1_flow_m3h_lag2,1.1900203045200897e-15
total_pump_power_kw,pump_2_flow_m3h_lag2,1.5421691701433815e-15
total_pump_power_kw,pump_3_flow_m3h_lag2,1.6826817716975029e-15
total_pump_power_kw,pump_4_flow_m3h_lag2,2.0773313624822265e-15
total_pump_power_kw,tank_level_m3_lag3,-4.0245584642661925e-16
total_pump_power_kw,total_pump_power_kw_lag3,1.960237527853792e-16
total_pump_power_kw,pump_1_flow_m3h_lag3,-3.95516952522712e-16
total_pump_power_kw,pump_2_flow_m3h_lag3,-3.3306690738754696e-16
total_pump_power_kw,pump_3_flow_m3h_lag3,1.1102230246251565e-16
total_pump_power_kw,pump_4_flow_m3h_lag3,5.117434254131581e-16
total_pump_power_kw,tank_level_m3_lag4,9.71445146547012e-17
total_pump_power_kw,total_pump_power_kw_lag4,3.4416913763379853e-15
total_pump_power_kw,pump_1_flow_m3h_lag4,-1.734723475976807e-15
total_pump_power_kw,pump_2_flow_m3h_lag4,-1.887379141862766e-15
total_pump_power_kw,pump_3_flow_m3h_lag4,-1.857021481033172e-15
total_pump_power_kw,pump_4_flow_m3h_lag4,-1.9311809096311805e-15
total_pump_power_kw,tank_level_m3_lag5,-2.0469737016526324e-16
total_pump_power_kw,total_pump_power_kw_lag5,2.0018708912772354e-15
total_pump_power_kw,pump_1_flow_m3h_lag5,-1.0685896612017132e-15
total_pump_power_kw,pump_2_flow_m3h_lag5,-1.029558382992235e-15
total_pump_power_kw,pump_3_flow_m3h_lag5,-7.771561172376096e-16
total_pump_power_kw,pump_4_flow_m3h_lag5,-7.658804146437603e-16
total_pump_power_kw,tank_level_m3_lag6,2.706168622523819e-16
total_pump_power_kw,total_pump_power_kw_lag6,2.1649348980190553e-15
total_pump_power_kw,pump_1_flow_m3h_lag6,-5.880712583561376e-16
total_pump_power_kw,pump_2_flow_m3h_lag6,-7.294512216482474e-16
total_pump_power_kw,pump_3_flow_m3h_lag6,-8.630249292984615e-16
total_pump_power_kw,pump_4_flow_m3h_lag6,-6.817463260588852e-16
total_pump_power_kw,tank_level_m3_lag7,1.0755285551056204e-16
total_pump_power_kw,total_pump_power_kw_lag7,4.0072112295064244e-16
total_pump_power_kw,pump_1_flow_m3h_lag7,-4.714111045966973e-16
total_pump_power_kw,pump_2_flow_m3h_lag7,-3.5908775952719907e-16
total_pump_power_kw,pump_3_flow_m3h_lag7,-3.415236843329339e-18
total_pump_power_kw,pump_4_flow_m3h_lag7,8.196568423990414e-17
total_pump_power_kw,tank_level_m3_lag8,2.7668839441830073e-16
total_pump_power_kw,total_pump_power_kw_lag8,-2.5604518505417673e-15
total_pump_power_kw,pump_1_flow_m3h_lag8,9.52363188311267e-16
total_pump_power_kw,pump_2_flow_m3h_lag8,8.924068081728187e-16
total_pump_power_kw,pump_3_flow_m3h_lag8,1.0321604682062002e-15
total_pump_power_kw,pump_4_flow_m3h_lag8,1.096345236817342e-15
total_pump_power_kw,tank_level_m3_lag9,2.658463726934457e-16
total_pump_power_kw,total_pump_power_kw_lag9,-1.132557589378358e-15
total_pump_power_kw,pump_1_flow_m3h_lag9,3.5675672485635523e-16
total_pump_power_kw,pump_2_flow_m3h_lag9,-1.1709383462843448e-16
total_pump_power_kw,pump_3_flow_m3h_lag9,-1.3444106938820255e-16
total_pump_power_kw,pump_4_flow_m3h_lag9,-3.885780586188048e-16
total_pump_power_kw,tank_level_m3_lag10,-2.697495005143935e-16
total_pump_power_kw,total_pump_power_kw_lag10,-3.613429000459689e-15
total_pump_power_kw,pump_1_flow_m3h_lag10,1.781777850262678e-15
total_pump_power_kw,pump_2_flow_m3h_lag10,1.8986548444566154e-15
total_pump_power_kw,pump_3_flow_m3h_lag10,1.433748952894831e-15
total_pump_power_kw,pump_4_flow_m3h_lag10,1.7052331768852014e-15
total_pump_power_kw,tank_level_m3_lag11,-2.6194324487249787e-16
total_pump_power_kw,total_pump_power_kw_lag11,-2.3332030751888055e-15
total_pump_power_kw,pump_1_flow_m3h_lag11,1.2893332235197619e-15
total_pump_power_kw,pump_2_flow_m3h_lag11,9.861902960928148e-16
total_pump_power_kw,pump_3_flow_m3h_lag11,4.3194614551822497e-16
total_pump_power_kw,pump_4_flow_m3h_lag11,1.2364241575024693e-15
total_pump_power_kw,tank_level_m3_lag12,2.3332030751888055e-16
total_pump_power_kw,total_pump_power_kw_lag12,-1.012211148232467e-15
total_pump_power_kw,pump_1_flow_m3h_lag12,2.9549930211092423e-16
total_pump_power_kw,pump_2_flow_m3h_lag12,3.2916377956659915e-16
total_pump_power_kw,pump_3_flow_m3h_lag12,4.0158848468863084e-16
total_pump_power_kw,pump_4_flow_m3h_lag12,5.759281940243e-16
total_pump_power_kw,tank_level_m3_lag13,-4.163336342344337e-17
total_pump_power_kw,total_pump_power_kw_lag13,-7.7021722333370235e-16
total_pump_power_kw,pump_1_flow_m3h_lag13,-6.245004513516506e-17
total_pump_power_kw,pump_2_flow_m3h_lag13,3.963843142607004e-16
total_pump_power_kw,pump_3_flow_m3h_lag13,5.447031714567174e-16
total_pump_power_kw,pump_4_flow_m3h_lag13,7.13621869929959e-16
total_pump_power_kw,tank_level_m3_lag14,-6.245004513516506e-17
total_pump_power_kw,total_pump_power_kw_lag14,1.3235940121703038e-15
total_pump_power_kw,pump_1_flow_m3h_lag14,-7.112366251504909e-16
total_pump_power_kw,pump_2_flow_m3h_lag14,-5.247538514829841e-16
total_pump_power_kw,pump_3_flow_m3h_lag14,-1.1223660889569942e-15
total_pump_power_kw,pump_4_flow_m3h_lag14,-4.822531263215524e-16
total_pump_power_kw,tank_level_m3_lag15,-1.3791051634015616e-16
total_pump_power_kw,total_pump_power_kw_lag15,1.5135462327897642e-15
total_pump_power_kw,pump_1_flow_m3h_lag15,-1.0547118733938987e-15
total_pump_power_kw,pump_2_flow_m3h_lag15,-1.1639994523804376e-15
total_pump_power_kw,pump_3_flow_m3h_lag15,-1.0980799602933189e-15
total_pump_power_kw,pump_4_flow_m3h_lag15,-9.896597430447684e-16
total_pump_power_kw,tank_level_m3_lag16,-3.5648567431323386e-16
total_pump_power_kw,total_pump_power_kw_lag16,1.523954573645625e-15
total_pump_power_kw,pump_1_flow_m3h_lag16,-3.408731630294426e-16
total_pump_power_kw,pump_2_flow_m3h_lag16,-7.023461673361098e-16
total_pump_power_kw,pump_3_flow_m3h_lag16,-8.933825901280557e-17
total_pump_power_kw,pump_4_flow_m3h_lag16,1.2923689896027213e-16
total_pump_power_kw,tank_level_m3_lag17,5.358127136423363e-16
total_pump_power_kw,total_pump_power_kw_lag17,2.4251434194155763e-15
total_pump_power_kw,pump_1_flow_m3h_lag17,-1.2845627339608257e-15
total_pump_power_kw,pump_2_flow_m3h_lag17,-1.7694179454963432e-15
total_pump_power_kw,pump_3_flow_m3h_lag17,-1.2695871914533696e-15
total_pump_power_kw,pump_4_flow_m3h_lag17,-1.2021633688519273e-15
total_pump_power_kw,tank_level_m3_lag18,-2.502338614096544e-16
total_pump_power_kw,total_pump_power_kw_lag18,-2.14737082282479e-15
total_pump_power_kw,pump_1_flow_m3h_lag18,1.5508427875232655e-15
total_pump_power_kw,pump_2_flow_m3h_lag18,1.3611074073383023e-15
total_pump_power_kw,pump_3_flow_m3h_lag18,1.4519635493925875e-15
total_pump_power_kw,pump_4_flow_m3h_lag18,1.32836450172924e-15
total_pump_power_kw,tank_level_m3_lag19,3.382710778154774e-16
total_pump_power_kw,total_pump_power_kw_lag19,-3.1632682584437077e-15
total_pump_power_kw,pump_1_flow_m3h_lag19,2.3054474995731766e-15
total_pump_power_kw,pump_2_flow_m3h_lag19,2.1564781210736683e-15
total_pump_power_kw,pump_3_flow_m3h_lag19,1.56472057533108e-15
total_pump_power_kw,pump_4_flow_m3h_lag19,1.321859288694327e-15
total_pump_power_kw,tank_level_m3_lag20,-1.5439038936193583e-16
total_pump_power_kw,total_pump_power_kw_lag20,1.412064909445121e-15
total_pump_power_kw,pump_1_flow_m3h_lag20,-1.001802807376606e-15
total_pump_power_kw,pump_2_flow_m3h_lag20,-1.0564465968698755e-15
total_pump_power_kw,pump_3_flow_m3h_lag20,-1.2190769227427012e-15
total_pump_power_kw,pump_4_flow_m3h_lag20,-1.1145598333150986e-15
total_pump_power_kw,tank_level_m3_lag21,2.6020852139652106e-18
total_pump_power_kw,total_pump_power_kw_lag21,2.452031633293217e-15
total_pump_power_kw,pump_1_flow_m3h_lag21,-1.8405416080113923e-15
total_pump_power_kw,pump_2_flow_m3h_lag21,-1.8704655879719922e-15
total_pump_power_kw,pump_3_flow_m3h_lag21,-1.5759962779249292e-15
total_pump_power_kw,pump_4_flow_m3h_lag21,-1.3376886404126154e-15
total_pump_power_kw,tank_level_m3_lag22,-1.0224026486538307e-16
total_pump_power_kw,total_pump_power_kw_lag22,5.325601071248798e-16
total_pump_power_kw,pump_1_flow_m3h_lag22,-3.045930478326464e-16
total_pump_power_kw,pump_2_flow_m3h_lag22,-8.400398432417688e-16
total_pump_power_kw,pump_3_flow_m3h_lag22,-2.0469737016526324e-16
total_pump_power_kw,pump_4_flow_m3h_lag22,-1.8171228410857054e-16
total_pump_power_kw,tank_level_m3_lag23,1.4007892068512717e-16
total_pump_power_kw,total_pump_power_kw_lag23,1.6193643648243494e-15
total_pump_power_kw,pump_1_flow_m3h_lag23,-1.0304257447302234e-15
total_pump_power_kw,pump_2_flow_m3h_lag23,-4.787294692609745e-16
total_pump_power_kw,pump_3_flow_m3h_lag23,-6.123573870198129e-16
total_pump_power_kw,pump_4_flow_m3h_lag23,-3.720981855970251e-16
total_pump_power_kw,tank_level_m3_lag24,-7.719519468096792e-17
total_pump_power_kw,total_pump_power_kw_lag24,-1.9511302296049138e-15
total_pump_power_kw,pump_1_flow_m3h_lag24,1.695692197767329e-15
total_pump_power_kw,pump_2_flow_m3h_lag24,1.691355389077387e-15
total_pump_power_kw,pump_3_flow_m3h_lag24,1.4419888894057209e-15
total_pump_power_kw,pump_4_flow_m3h_lag24,1.6904880273393985e-15
total_pump_power_kw,outflow_m3h_current,-6.696032617270475e-16
total_pump_power_kw,pump_1_setpoint_percent_current,0.14999999999999997
total_pump_power_kw,pump_2_setpoint_percent_current,0.14999999999999986
total_pump_power_kw,pump_3_setpoint_percent_current,0.14999999999999983
total_pump_power_kw,pump_4_setpoint_percent_current,0.1499999999999999
total_pump_power_kw,intercept,3.375077994860476e-14
pump_1_flow_m3h,tank_level_m3_lag1,-0.006162967663758249
pump_1_flow_m3h,total_pump_power_kw_lag1,0.10871446263810453
pump_1_flow_m3h,pump_1_flow_m3h_lag1,-0.03392032422038649
pump_1_flow_m3h,pump_2_flow_m3h_lag1,-0.053427540079403
pump_1_flow_m3h,pump_3_flow_m3h_lag1,-0.0801833576749571
pump_1_flow_m3h,pump_4_flow_m3h_lag1,-0.07102581644207272
pump_1_flow_m3h,tank_level_m3_lag2,0.008328602852377145
pump_1_flow_m3h,total_pump_power_kw_lag2,-0.1374327467551629
pump_1_flow_m3h,pump_1_flow_m3h_lag2,0.09040372281252672
pump_1_flow_m3h,pump_2_flow_m3h_lag2,0.1228538473105639
pump_1_flow_m3h,pump_3_flow_m3h_lag2,0.08114389303079586
pump_1_flow_m3h,pump_4_flow_m3h_lag2,0.07654649795751578
pump_1_flow_m3h,tank_level_m3_lag3,0.00569677046394973
pump_1_flow_m3h,total_pump_power_kw_lag3,-0.27113765032955744
pump_1_flow_m3h,pump_1_flow_m3h_lag3,0.12950318015737727
pump_1_flow_m3h,pump_2_flow_m3h_lag3,0.15845890904993554
pump_1_flow_m3h,pump_3_flow_m3h_lag3,0.13703900663986157
pump_1_flow_m3h,pump_4_flow_m3h_lag3,0.1658927879144851
pump_1_flow_m3h,tank_level_m3_lag4,0.016938026832275962
pump_1_flow_m3h,total_pump_power_kw_lag4,-0.0011031924308571514
pump_1_flow_m3h,pump_1_flow_m3h_lag4,-0.00888643109183937
pump_1_flow_m3h,pump_2_flow_m3h_lag4,-0.0495993419307116
pump_1_flow_m3h,pump_3_flow_m3h_lag4,-0.0011086750165733295
pump_1_flow_m3h,pump_4_flow_m3h_lag4,-0.02700436200294701
pump_1_flow_m3h,tank_level_m3_lag5,-0.027611013504423708
pump_1_flow_m3h,total_pump_power_kw_lag5,-0.2524531755994208
pump_1_flow_m3h,pump_1_flow_m3h_lag5,0.15546301576887128
pump_1_flow_m3h,pump_2_flow_m3h_lag5,0.12898514761956517
pump_1_flow_m3h,pump_3_flow_m3h_lag5,0.1541391687862349
pump_1_flow_m3h,pump_4_flow_m3h_lag5,0.12021796063830739
pump_1_flow_m3h,tank_level_m3_lag6,-0.01639350218081158
pump_1_flow_m3h,total_pump_power_kw_lag6,0.31055008309352816
pump_1_flow_m3h,pump_1_flow_m3h_lag6,-0.1395253767626668
pump_1_flow_m3h,pump_2_flow_m3h_lag6,-0.16374681931740526
pump_1_flow_m3h,pump_3_flow_m3h_lag6,-0.1397910198496782
pump_1_flow_m3h,pump_4_flow_m3h_lag6,-0.15001840777671688
pump_1_flow_m3h,tank_level_m3_lag7,0.008628201303781113
pump_1_flow_m3h,total_pump_power_kw_lag7,-0.013131519001869246
pump_1_flow_m3h,pump_1_flow_m3h_lag7,0.03103469097244583
pump_1_flow_m3h,pump_2_flow_m3h_lag7,0.02856380271206755
pump_1_flow_m3h,pump_3_flow_m3h_lag7,-0.03971959301810324
pump_1_flow_m3h,pump_4_flow_m3h_lag7,0.026272448648920886
pump_1_flow_m3h,tank_level_m3_lag8,0.0007292301434336027
pump_1_flow_m3h,total_pump_power_kw_lag8,0.16389146237870506
pump_1_flow_m3h,pump_1_flow_m3h_lag8,-0.08226833491228061
pump_1_flow_m3h,pump_2_flow_m3h_lag8,-0.06600300257756267
pump_1_flow_m3h,pump_3_flow_m3h_lag8,-0.06433556667266996
pump_1_flow_m3h,pump_4_flow_m3h_lag8,-0.07916092945520072
pump_1_flow_m3h,tank_level_m3_lag9,0.016230298962134057
pump_1_flow_m3h,total_pump_power_kw_lag9,-0.2539553144440597
pump_1_flow_m3h,pump_1_flow_m3h_lag9,0.13438307981780384
pump_1_flow_m3h,pump_2_flow_m3h_lag9,0.13191820352551425
pump_1_flow_m3h,pump_3_flow_m3h_lag9,0.14206374814838202
pump_1_flow_m3h,pump_4_flow_m3h_lag9,0.1291299291695871
pump_1_flow_m3h,tank_level_m3_lag10,-0.004137649267005258
pump_1_flow_m3h,total_pump_power_kw_lag10,0.34949099092924935
pump_1_flow_m3h,pump_1_flow_m3h_lag10,-0.21441320385044293
pump_1_flow_m3h,pump_2_flow_m3h_lag10,-0.21748489681725475
pump_1_flow_m3h,pump_3_flow_m3h_lag10,-0.16364033393780905
pump_1_flow_m3h,pump_4_flow_m3h_lag10,-0.1901572556055935
pump_1_flow_m3h,tank_level_m3_lag11,0.012661948005676264
pump_1_flow_m3h,total_pump_power_kw_lag11,-0.034959957876577546
pump_1_flow_m3h,pump_1_flow_m3h_lag11,0.019970122860956174
pump_1_flow_m3h,pump_2_flow_m3h_lag11,0.00918049467691634
pump_1_flow_m3h,pump_3_flow_m3h_lag11,-0.011210578039156302
pump_1_flow_m3h,pump_4_flow_m3h_lag11,-0.012408997792749198
pump_1_flow_m3h,tank_level_m3_lag12,-0.01651068949879969
pump_1_flow_m3h,total_pump_power_kw_lag12,0.11323124139070953
pump_1_flow_m3h,pump_1_flow_m3h_lag12,-0.03039323993860739
pump_1_flow_m3h,pump_2_flow_m3h_lag12,-0.028520027195661213
pump_1_flow_m3h,pump_3_flow_m3h_lag12,-0.06341411293405554
pump_1_flow_m3h,pump_4_flow_m3h_lag12,-0.06477160555779096
pump_1_flow_m3h,tank_level_m3_lag13,-0.001157766818061734
pump_1_flow_m3h,total_pump_power_kw_lag13,-0.11934821043114761
pump_1_flow_m3h,pump_1_flow_m3h_lag13,0.0766448305678113
pump_1_flow_m3h,pump_2_flow_m3h_lag13,0.09729693476488821
pump_1_flow_m3h,pump_3_flow_m3h_lag13,0.08617043600225172
pump_1_flow_m3h,pump_4_flow_m3h_lag13,0.09421571036326498
pump_1_flow_m3h,tank_level_m3_lag14,-0.023407522720049145
pump_1_flow_m3h,total_pump_power_kw_lag14,0.18041993918671712
pump_1_flow_m3h,pump_1_flow_m3h_lag14,-0.05088956702898475
pump_1_flow_m3h,pump_2_flow_m3h_lag14,-0.08320692144021224
pump_1_flow_m3h,pump_3_flow_m3h_lag14,-0.03956714420389685
pump_1_flow_m3h,pump_4_flow_m3h_lag14,-0.06878598917587983
pump_1_flow_m3h,tank_level_m3_lag15,0.05105329124768626
pump_1_flow_m3h,total_pump_power_kw_lag15,0.07531242821150128
pump_1_flow_m3h,pump_1_flow_m3h_lag15,-0.05513897495587953
pump_1_flow_m3h,pump_2_flow_m3h_lag15,-0.035081827621322545
pump_1_flow_m3h,pump_3_flow_m3h_lag15,-0.056863048481617856
pump_1_flow_m3h,pump_4_flow_m3h_lag15,-0.06977940409194446
pump_1_flow_m3h,tank_level_m3_lag16,-0.02240403737182299
pump_1_flow_m3h,total_pump_power_kw_lag16,-0.11248145621029089
pump_1_flow_m3h,pump_1_flow_m3h_lag16,0.04112646067960904
pump_1_flow_m3h,pump_2_flow_m3h_lag16,0.06580205944383727
pump_1_flow_m3h,pump_3_flow_m3h_lag16,0.04686673910113246
pump_1_flow_m3h,pump_4_flow_m3h_lag16,0.06790320074946816
pump_1_flow_m3h,tank_level_m3_lag17,-0.00702619835845586
pump_1_flow_m3h,total_pump_power_kw_lag17,0.20658194021163945
pump_1_flow_m3h,pump_1_flow_m3h_lag17,-0.1435670846521125
pump_1_flow_m3h,pump_2_flow_m3h_lag17,-0.11751244988175227
pump_1_flow_m3h,pump_3_flow_m3h_lag17,-0.12529275501767145
pump_1_flow_m3h,pump_4_flow_m3h_lag17,-0.10966388137560337
pump_1_flow_m3h,tank_level_m3_lag18,-0.006262308646467447
pump_1_flow_m3h,total_pump_power_kw_lag18,-0.015982737169179098
pump_1_flow_m3h,pump_1_flow_m3h_lag18,0.0027447548581878978
pump_1_flow_m3h,pump_2_flow_m3h_lag18,0.010385364380979145
pump_1_flow_m3h,pump_3_flow_m3h_lag18,0.03721382308118193
pump_1_flow_m3h,pump_4_flow_m3h_lag18,0.020382344376068555
pump_1_flow_m3h,tank_level_m3_lag19,0.005485455202599129
pump_1_flow_m3h,total_pump_power_kw_lag19,-0.1540591672001111
pump_1_flow_m3h,pump_1_flow_m3h_lag19,0.12077353602968073
pump_1_flow_m3h,pump_2_flow_m3h_lag19,0.09815605830330898
pump_1_flow_m3h,pump_3_flow_m3h_lag19,0.11413588941648642
pump_1_flow_m3h,pump_4_flow_m3h_lag19,0.0961519355178751
pump_1_flow_m3h,tank_level_m3_lag20,0.021572782045768752
pump_1_flow_m3h,total_pump_power_kw_lag20,-0.24322195495136434
pump_1_flow_m3h,pump_1_flow_m3h_lag20,0.17867108029696033
pump_1_flow_m3h,pump_2_flow_m3h_lag20,0.10744112580011098
pump_1_flow_m3h,pump_3_flow_m3h_lag20,0.15075602811798944
pump_1_flow_m3h,pump_4_flow_m3h_lag20,0.1156910852814847
pump_1_flow_m3h,tank_level_m3_lag21,-0.007907899192565498
pump_1_flow_m3h,total_pump_power_kw_lag21,-0.1282998618371537
pump_1_flow_m3h,pump_1_flow_m3h_lag21,0.06507772993609065
pump_1_flow_m3h,pump_2_flow_m3h_lag21,0.1194805577826413
pump_1_flow_m3h,pump_3_flow_m3h_lag21,0.028895705189212254
pump_1_flow_m3h,pump_4_flow_m3h_lag21,0.05199845636234596
pump_1_flow_m3h,tank_level_m3_lag22,-0.015958137059021937
pump_1_flow_m3h,total_pump_power_kw_lag22,-0.16158754789596572
pump_1_flow_m3h,pump_1_flow_m3h_lag22,0.09644489062426057
pump_1_flow_m3h,pump_2_flow_m3h_lag22,0.1170625442002666
pump_1_flow_m3h,pump_3_flow_m3h_lag22,0.06575482040441069
pump_1_flow_m3h,pump_4_flow_m3h_lag22,0.08148621985315757
pump_1_flow_m3h,tank_level_m3_lag23,0.0027052182860376334
pump_1_flow_m3h,total_pump_power_kw_lag23,-0.20943759869676135
pump_1_flow_m3h,pump_1_flow_m3h_lag23,0.06300506958762153
pump_1_flow_m3h,pump_2_flow_m3h_lag23,0.13052372141612556
pump_1_flow_m3h,pump_3_flow_m3h_lag23,0.1480873893840029
pump_1_flow_m3h,pump_4_flow_m3h_lag23,0.13317532838575372
pump_1_flow_m3h,tank_level_m3_lag24,0.003925691680751825
pump_1_flow_m3h,total_pump_power_kw_lag24,-0.08224843111669845
pump_1_flow_m3h,pump_1_flow_m3h_lag24,0.053300081254756305
pump_1_flow_m3h,pump_2_flow_m3h_lag24,0.010798631572540754
pump_1_flow_m3h,pump_3_flow_m3h_lag24,0.07635575398154357
pump_1_flow_m3h,pump_4_flow_m3h_lag24,0.04169186029863337
pump_1_flow_m3h,outflow_m3h_current,0.008730158192006218
pump_1_flow_m3h,pump_1_setpoint_percent_current,0.2648787410355161
pump_1_flow_m3h,pump_2_setpoint_percent_current,-0.0011817230906830956
pump_1_flow_m3h,pump_3_setpoint_percent_current,-0.003476465205780342
pump_1_flow_m3h,pump_4_setpoint_percent_current,-0.0006113748848497885
pump_1_flow_m3h,intercept,-0.08831273425869224
pump_2_flow_m3h,tank_level_m3_lag1,0.01022028194307306
pump_2_flow_m3h,total_pump_power_kw_lag1,0.1749317501282453
pump_2_flow_m3h,pump_1_flow_m3h_lag1,-0.13868684079984686
pump_2_flow_m3h,pump_2_flow_m3h_lag1,-0.10515502911861292
pump_2_flow_m3h,pump_3_flow_m3h_lag1,-0.13045435012826648
pump_2_flow_m3h,pump_4_flow_m3h_lag1,-0.08062402174953232
pump_2_flow_m3h,tank_level_m3_lag2,-0.0009259013420112958
pump_2_flow_m3h,total_pump_power_kw_lag2,-0.04528628763554289
pump_2_flow_m3h,pump_1_flow_m3h_lag2,0.005815948641163318
pump_2_flow_m3h,pump_2_flow_m3h_lag2,0.018249613679351795
pump_2_flow_m3h,pump_3_flow_m3h_lag2,-0.0008575587941311094
pump_2_flow_m3h,pump_4_flow_m3h_lag2,0.03270143723716776
pump_2_flow_m3h,tank_level_m3_lag3,-0.019280489560933763
pump_2_flow_m3h,total_pump_power_kw_lag3,-0.05112437939999166
pump_2_flow_m3h,pump_1_flow_m3h_lag3,0.0422226553893714
pump_2_flow_m3h,pump_2_flow_m3h_lag3,0.01965851710369519
pump_2_flow_m3h,pump_3_flow_m3h_lag3,0.02918905156643553
pump_2_flow_m3h,pump_4_flow_m3h_lag3,0.03608339511470634
pump_2_flow_m3h,tank_level_m3_lag4,0.0029735924987789736
pump_2_flow_m3h,total_pump_power_kw_lag4,-0.1457995234052636
pump_2_flow_m3h,pump_1_flow_m3h_lag4,0.07810263679387786
pump_2_flow_m3h,pump_2_flow_m3h_lag4,0.06071673131491209
pump_2_flow_m3h,pump_3_flow_m3h_lag4,0.09822405630476116
pump_2_flow_m3h,pump_4_flow_m3h_lag4,0.06724926910125835
pump_2_flow_m3h,tank_level_m3_lag5,0.009821216348659834
pump_2_flow_m3h,total_pump_power_kw_lag5,0.163604436738654
pump_2_flow_m3h,pump_1_flow_m3h_lag5,-0.08475088431019595
pump_2_flow_m3h,pump_2_flow_m3h_lag5,-0.09500536240333371
pump_2_flow_m3h,pump_3_flow_m3h_lag5,-0.09917428276029096
pump_2_flow_m3h,pump_4_flow_m3h_lag5,-0.11720034197099029
pump_2_flow_m3h,tank_level_m3_lag6,-0.015272496202447965
pump_2_flow_m3h,total_pump_power_kw_lag6,0.07991075177027987
pump_2_flow_m3h,pump_1_flow_m3h_lag6,-0.03697366968086159
pump_2_flow_m3h,pump_2_flow_m3h_lag6,-0.025773861779007607
pump_2_flow_m3h,pump_3_flow_m3h_lag6,-0.028519446169437922
pump_2_flow_m3h,pump_4_flow_m3h_lag6,-0.027209979473139877
pump_2_flow_m3h,tank_level_m3_lag7,0.013851085152761856
pump_2_flow_m3h,total_pump_power_kw_lag7,0.18888644461256687
pump_2_flow_m3h,pump_1_flow_m3h_lag7,-0.10801344520871345
pump_2_flow_m3h,pump_2_flow_m3h_lag7,-0.08554315571388103
pump_2_flow_m3h,pump_3_flow_m3h_lag7,-0.09046447425121257
pump_2_flow_m3h,pump_4_flow_m3h_lag7,-0.08367951709413217
pump_2_flow_m3h,tank_level_m3_lag8,0.0042526784780205565
pump_2_flow_m3h,total_pump_power_kw_lag8,-0.30449788854352455
pump_2_flow_m3h,pump_1_flow_m3h_lag8,0.16086837026155204
pump_2_flow_m3h,pump_2_flow_m3h_lag8,0.1920373025082688
pump_2_flow_m3h,pump_3_flow_m3h_lag8,0.1671430698152221
pump_2_flow_m3h,pump_4_flow_m3h_lag8,0.18665830990520965
pump_2_flow_m3h,tank_level_m3_lag9,-0.011094764996237875
pump_2_flow_m3h,total_pump_power_kw_lag9,0.07890389595815955
pump_2_flow_m3h,pump_1_flow_m3h_lag9,-0.022041142338685586
pump_2_flow_m3h,pump_2_flow_m3h_lag9,-0.044295801356553845
pump_2_flow_m3h,pump_3_flow_m3h_lag9,-0.038677736922468085
pump_2_flow_m3h,pump_4_flow_m3h_lag9,-0.05262685351734529
pump_2_flow_m3h,tank_level_m3_lag10,0.01857633998680369
pump_2_flow_m3h,total_pump_power_kw_lag10,0.03557274466550058
pump_2_flow_m3h,pump_1_flow_m3h_lag10,-0.0315948344261453
pump_2_flow_m3h,pump_2_flow_m3h_lag10,-0.06732911219078802
pump_2_flow_m3h,pump_3_flow_m3h_lag10,-0.04234355571366086
pump_2_flow_m3h,pump_4_flow_m3h_lag10,-0.04756773661615886
pump_2_flow_m3h,tank_level_m3_lag11,-0.0024488177887379992
pump_2_flow_m3h,total_pump_power_kw_lag11,0.23158779474581015
pump_2_flow_m3h,pump_1_flow_m3h_lag11,-0.13671502888151638
pump_2_flow_m3h,pump_2_flow_m3h_lag11,-0.14055045333086635
pump_2_flow_m3h,pump_3_flow_m3h_lag11,-0.15882898280890861
pump_2_flow_m3h,pump_4_flow_m3h_lag11,-0.1400895690051249
pump_2_flow_m3h,tank_level_m3_lag12,-0.02191174565849921
pump_2_flow_m3h,total_pump_power_kw_lag12,0.009813694454569723
pump_2_flow_m3h,pump_1_flow_m3h_lag12,0.014641821163301857
pump_2_flow_m3h,pump_2_flow_m3h_lag12,0.001357573673326628
pump_2_flow_m3h,pump_3_flow_m3h_lag12,-0.011085931509773238
pump_2_flow_m3h,pump_4_flow_m3h_lag12,0.024446045741417458
pump_2_flow_m3h,tank_level_m3_lag13,0.01257280341692599
pump_2_flow_m3h,total_pump_power_kw_lag13,0.10825870906464465
pump_2_flow_m3h,pump_1_flow_m3h_lag13,-0.03853970777236898
pump_2_flow_m3h,pump_2_flow_m3h_lag13,-0.04537941896746478
pump_2_flow_m3h,pump_3_flow_m3h_lag13,-0.06240922497808892
pump_2_flow_m3h,pump_4_flow_m3h_lag13,-0.03400938830358072
pump_2_flow_m3h,tank_level_m3_lag14,0.0038995959902537805
pump_2_flow_m3h,total_pump_power_kw_lag14,-0.1869668538615676
pump_2_flow_m3h,pump_1_flow_m3h_lag14,0.10424301508359311
pump_2_flow_m3h,pump_2_flow_m3h_lag14,0.15757357420299517
pump_2_flow_m3h,pump_3_flow_m3h_lag14,0.14879266111986075
pump_2_flow_m3h,pump_4_flow_m3h_lag14,0.12664714526669402
pump_2_flow_m3h,tank_level_m3_lag15,-0.005966794138593787
pump_2_flow_m3h,total_pump_power_kw_lag15,0.16562208654043944
pump_2_flow_m3h,pump_1_flow_m3h_lag15,-0.08018902769195177
pump_2_flow_m3h,pump_2_flow_m3h_lag15,-0.09016742658594315
pump_2_flow_m3h,pump_3_flow_m3h_lag15,-0.06534634154071627
pump_2_flow_m3h,pump_4_flow_m3h_lag15,-0.08999124417444421
pump_2_flow_m3h,tank_level_m3_lag16,0.006311968223810749
pump_2_flow_m3h,total_pump_power_kw_lag16,-0.002536859800664923
pump_2_flow_m3h,pump_1_flow_m3h_lag16,0.006170278187145387
pump_2_flow_m3h,pump_2_flow_m3h_lag16,-0.011911182136398921
pump_2_flow_m3h,pump_3_flow_m3h_lag16,0.0005229372534592408
pump_2_flow_m3h,pump_4_flow_m3h_lag16,0.01253695319981053
pump_2_flow_m3h,tank_level_m3_lag17,-0.01457946643861325
pump_2_flow_m3h,total_pump_power_kw_lag17,-0.15726569978449884
pump_2_flow_m3h,pump_1_flow_m3h_lag17,0.0895170116452322
pump_2_flow_m3h,pump_2_flow_m3h_lag17,0.08855946584809421
pump_2_flow_m3h,pump_3_flow_m3h_lag17,0.11227592106034545
pump_2_flow_m3h,pump_4_flow_m3h_lag17,0.1079093526422683
pump_2_flow_m3h,tank_level_m3_lag18,0.013881813512075469
pump_2_flow_m3h,total_pump_power_kw_lag18,-0.17232091012352113
pump_2_flow_m3h,pump_1_flow_m3h_lag18,0.10969612470776102
pump_2_flow_m3h,pump_2_flow_m3h_lag18,0.10801672698702794
pump_2_flow_m3h,pump_3_flow_m3h_lag18,0.10423848935980018
pump_2_flow_m3h,pump_4_flow_m3h_lag18,0.09337791406345396
pump_2_flow_m3h,tank_level_m3_lag19,0.0037562417374696414
pump_2_flow_m3h,total_pump_power_kw_lag19,0.004634378641180686
pump_2_flow_m3h,pump_1_flow_m3h_lag19,0.0010132197124307699
pump_2_flow_m3h,pump_2_flow_m3h_lag19,-0.007184036107762783
pump_2_flow_m3h,pump_3_flow_m3h_lag19,-0.018794445179326207
pump_2_flow_m3h,pump_4_flow_m3h_lag19,-0.018142751163444812
pump_2_flow_m3h,tank_level_m3_lag20,-0.005413979040488959
pump_2_flow_m3h,total_pump_power_kw_lag20,0.07865824609662103
pump_2_flow_m3h,pump_1_flow_m3h_lag20,-0.07272318225226283
pump_2_flow_m3h,pump_2_flow_m3h_lag20,-0.03693803238137708
pump_2_flow_m3h,pump_3_flow_m3h_lag20,-0.045254227706903336
pump_2_flow_m3h,pump_4_flow_m3h_lag20,-0.06235027801274711
pump_2_flow_m3h,tank_level_m3_lag21,-0.0021501439256297883
pump_2_flow_m3h,total_pump_power_kw_lag21,0.12671045595203598
pump_2_flow_m3h,pump_1_flow_m3h_lag21,-0.08509065639343961
pump_2_flow_m3h,pump_2_flow_m3h_lag21,-0.09321392654800098
pump_2_flow_m3h,pump_3_flow_m3h_lag21,-0.07529190435268096
pump_2_flow_m3h,pump_4_flow_m3h_lag21,-0.05516290429532529
pump_2_flow_m3h,tank_level_m3_lag22,0.0006780150305895905
pump_2_flow_m3h,total_pump_power_kw_lag22,0.20459578217850025
pump_2_flow_m3h,pump_1_flow_m3h_lag22,-0.1194743984040619
pump_2_flow_m3h,pump_2_flow_m3h_lag22,-0.12328323940509096
pump_2_flow_m3h,pump_3_flow_m3h_lag22,-0.09180409730317078
pump_2_flow_m3h,pump_4_flow_m3h_lag22,-0.11246767555343301
pump_2_flow_m3h,tank_level_m3_lag23,0.0005656478061143722
pump_2_flow_m3h,total_pump_power_kw_lag23,-0.14534377529249567
pump_2_flow_m3h,pump_1_flow_m3h_lag23,0.09246983913729313
pump_2_flow_m3h,pump_2_flow_m3h_lag23,0.09414344574930254
pump_2_flow_m3h,pump_3_flow_m3h_lag23,0.09798745075647612
pump_2_flow_m3h,pump_4_flow_m3h_lag23,0.07944527332400761
pump_2_flow_m3h,tank_level_m3_lag24,0.0012934550370214126
pump_2_flow_m3h,total_pump_power_kw_lag24,-0.07323732814685117
pump_2_flow_m3h,pump_1_flow_m3h_lag24,0.052345420788661196
pump_2_flow_m3h,pump_2_flow_m3h_lag24,0.06631460460061164
pump_2_flow_m3h,pump_3_flow_m3h_lag24,0.055633072112411225
pump_2_flow_m3h,pump_4_flow_m3h_lag24,0.05900079606034728
pump_2_flow_m3h,outflow_m3h_current,0.0036559737841445027
pump_2_flow_m3h,pump_1_setpoint_percent_current,0.002504321473663501
pump_2_flow_m3h,pump_2_setpoint_percent_current,0.25886846160345717
pump_2_flow_m3h,pump_3_setpoint_percent_current,0.003323806129061198
pump_2_flow_m3h,pump_4_setpoint_percent_current,0.0018307780607871756
pump_2_flow_m3h,intercept,-9.886264603620262
pump_3_flow_m3h,tank_level_m3_lag1,-0.004249278498775083
pump_3_flow_m3h,total_pump_power_kw_lag1,0.06687240101095399
pump_3_flow_m3h,pump_1_flow_m3h_lag1,-0.03543509131749344
pump_3_flow_m3h,pump_2_flow_m3h_lag1,-0.03127952544407662
pump_3_flow_m3h,pump_3_flow_m3h_lag1,-0.017556242920962542
pump_3_flow_m3h,pump_4_flow_m3h_lag1,-0.02481175443657724
pump_3_flow_m3h,tank_level_m3_lag2,-0.00037438178461845703
pump_3_flow_m3h,total_pump_power_kw_lag2,0.0034843068412746883
pump_3_flow_m3h,pump_1_flow_m3h_lag2,0.007722705175639836
pump_3_flow_m3h,pump_2_flow_m3h_lag2,0.0002764703061573018
pump_3_flow_m3h,pump_3_flow_m3h_lag2,0.00949365574634669
pump_3_flow_m3h,pump_4_flow_m3h_lag2,-0.02288207215876241
pump_3_flow_m3h,tank_level_m3_lag3,0.0077077776374276374
pump_3_flow_m3h,total_pump_power_kw_lag3,0.2371674886533609
pump_3_flow_m3h,pump_1_flow_m3h_lag3,-0.1333076481731954
pump_3_flow_m3h,pump_2_flow_m3h_lag3,-0.15552629110850735
pump_3_flow_m3h,pump_3_flow_m3h_lag3,-0.08118271335063024
pump_3_flow_m3h,pump_4_flow_m3h_lag3,-0.1481325342647339
pump_3_flow_m3h,tank_level_m3_lag4,0.004795481319821132
pump_3_flow_m3h,total_pump_power_kw_lag4,0.0011386177717946215
pump_3_flow_m3h,pump_1_flow_m3h_lag4,0.0014122464180269384
pump_3_flow_m3h,pump_2_flow_m3h_lag4,0.013094274405795643
pump_3_flow_m3h,pump_3_flow_m3h_lag4,0.012954479204400592
pump_3_flow_m3h,pump_4_flow_m3h_lag4,-0.013199239124553064
pump_3_flow_m3h,tank_level_m3_lag5,0.0010333628708039944
pump_3_flow_m3h,total_pump_power_kw_lag5,-0.10227830598777884
pump_3_flow_m3h,pump_1_flow_m3h_lag5,0.06136732424269363
pump_3_flow_m3h,pump_2_flow_m3h_lag5,0.059982845080039315
pump_3_flow_m3h,pump_3_flow_m3h_lag5,0.07535187149683362
pump_3_flow_m3h,pump_4_flow_m3h_lag5,0.06153954874898905
pump_3_flow_m3h,tank_level_m3_lag6,-0.010248404399314043
pump_3_flow_m3h,total_pump_power_kw_lag6,0.054148394783468515
pump_3_flow_m3h,pump_1_flow_m3h_lag6,-0.03430234641775444
pump_3_flow_m3h,pump_2_flow_m3h_lag6,-0.013462034905283499
pump_3_flow_m3h,pump_3_flow_m3h_lag6,-0.03801538973299518
pump_3_flow_m3h,pump_4_flow_m3h_lag6,-0.04506863118513441
pump_3_flow_m3h,tank_level_m3_lag7,-0.005988402404767806
pump_3_flow_m3h,total_pump_power_kw_lag7,-0.04557353757506239
pump_3_flow_m3h,pump_1_flow_m3h_lag7,0.03359438866627444
pump_3_flow_m3h,pump_2_flow_m3h_lag7,0.037350205346520504
pump_3_flow_m3h,pump_3_flow_m3h_lag7,0.0744113807377382
pump_3_flow_m3h,pump_4_flow_m3h_lag7,0.04840883944678452
pump_3_flow_m3h,tank_level_m3_lag8,-0.0012378488315915592
pump_3_flow_m3h,total_pump_power_kw_lag8,0.22908937972737364
pump_3_flow_m3h,pump_1_flow_m3h_lag8,-0.08045440204466575
pump_3_flow_m3h,pump_2_flow_m3h_lag8,-0.1185149796098729
pump_3_flow_m3h,pump_3_flow_m3h_lag8,-0.12914251673152252
pump_3_flow_m3h,pump_4_flow_m3h_lag8,-0.13461055857029247
pump_3_flow_m3h,tank_level_m3_lag9,-0.009447347611698048
pump_3_flow_m3h,total_pump_power_kw_lag9,0.1913864988069851
pump_3_flow_m3h,pump_1_flow_m3h_lag9,-0.08681937922125468
pump_3_flow_m3h,pump_2_flow_m3h_lag9,-0.09197764256342149
pump_3_flow_m3h,pump_3_flow_m3h_lag9,-0.0860618217796856
pump_3_flow_m3h,pump_4_flow_m3h_lag9,-0.07039633301585957
pump_3_flow_m3h,tank_level_m3_lag10,0.019149080426530685
pump_3_flow_m3h,total_pump_power_kw_lag10,-0.0599381280590542
pump_3_flow_m3h,pump_1_flow_m3h_lag10,0.02474064373515064
pump_3_flow_m3h,pump_2_flow_m3h_lag10,0.05101796220151096
pump_3_flow_m3h,pump_3_flow_m3h_lag10,0.024136117533117563
pump_3_flow_m3h,pump_4_flow_m3h_lag10,0.016987605358790292
pump_3_flow_m3h,tank_level_m3_lag11,-0.016254740204617105
pump_3_flow_m3h,total_pump_power_kw_lag11,0.07989152951459443
pump_3_flow_m3h,pump_1_flow_m3h_lag11,-0.03152381615243533
pump_3_flow_m3h,pump_2_flow_m3h_lag11,-0.016060593767391704
pump_3_flow_m3h,pump_3_flow_m3h_lag11,-0.018520645705880683
pump_3_flow_m3h,pump_4_flow_m3h_lag11,-0.04283920052996028
pump_3_flow_m3h,tank_level_m3_lag12,0.024941700970290748
pump_3_flow_m3h,total_pump_power_kw_lag12,-0.11618069269014286
pump_3_flow_m3h,pump_1_flow_m3h_lag12,0.08454521738780935
pump_3_flow_m3h,pump_2_flow_m3h_lag12,0.04618548440501033
pump_3_flow_m3h,pump_3_flow_m3h_lag12,0.06569797681243914
pump_3_flow_m3h,pump_4_flow_m3h_lag12,0.03183454337102961
pump_3_flow_m3h,tank_level_m3_lag13,-0.005283926898090123
pump_3_flow_m3h,total_pump_power_kw_lag13,0.0064941930551164
pump_3_flow_m3h,pump_1_flow_m3h_lag13,0.010188413629105404
pump_3_flow_m3h,pump_2_flow_m3h_lag13,-0.013500429644321132
pump_3_flow_m3h,pump_3_flow_m3h_lag13,0.007713287359673481
pump_3_flow_m3h,pump_4_flow_m3h_lag13,-0.021178858445923432
pump_3_flow_m3h,tank_level_m3_lag14,0.0045346865303300884
pump_3_flow_m3h,total_pump_power_kw_lag14,0.01173013326636831
pump_3_flow_m3h,pump_1_flow_m3h_lag14,-0.00807610820193641
pump_3_flow_m3h,pump_2_flow_m3h_lag14,0.0027896822271172746
pump_3_flow_m3h,pump_3_flow_m3h_lag14,-0.003900558630879678
pump_3_flow_m3h,pump_4_flow_m3h_lag14,-0.004106716424471291
pump_3_flow_m3h,tank_level_m3_lag15,-0.025953470970131703
pump_3_flow_m3h,total_pump_power_kw_lag15,-0.12566710684529836
pump_3_flow_m3h,pump_1_flow_m3h_lag15,0.09475373368451719
pump_3_flow_m3h,pump_2_flow_m3h_lag15,0.09806075305597164
pump_3_flow_m3h,pump_3_flow_m3h_lag15,0.09173069912910667
pump_3_flow_m3h,pump_4_flow_m3h_lag15,0.08391435577882897
pump_3_flow_m3h,tank_level_m3_lag16,0.004282737603567998
pump_3_flow_m3h,total_pump_power_kw_lag16,0.08281553210571743
pump_3_flow_m3h,pump_1_flow_m3h_lag16,-0.04280982812285328
pump_3_flow_m3h,pump_2_flow_m3h_lag16,-0.01789642152964565
pump_3_flow_m3h,pump_3_flow_m3h_lag16,-0.029280723520770824
pump_3_flow_m3h,pump_4_flow_m3h_lag16,-0.07036027145303615
pump_3_flow_m3h,tank_level_m3_lag17,0.01911163082736153
pump_3_flow_m3h,total_pump_power_kw_lag17,0.0643044139111685
pump_3_flow_m3h,pump_1_flow_m3h_lag17,-0.047180552025783605
pump_3_flow_m3h,pump_2_flow_m3h_lag17,-0.031011925505602472
pump_3_flow_m3h,pump_3_flow_m3h_lag17,-0.030127534102949077
pump_3_flow_m3h,pump_4_flow_m3h_lag17,-0.03872887573905759
pump_3_flow_m3h,tank_level_m3_lag18,-0.009289321312687927
pump_3_flow_m3h,total_pump_power_kw_lag18,0.06348708740508904
pump_3_flow_m3h,pump_1_flow_m3h_lag18,-0.06423809976516404
pump_3_flow_m3h,pump_2_flow_m3h_lag18,-0.03593210114992813
pump_3_flow_m3h,pump_3_flow_m3h_lag18,-0.029653390344373337
pump_3_flow_m3h,pump_4_flow_m3h_lag18,-0.022976673894467142
pump_3_flow_m3h,tank_level_m3_lag19,0.005473549239559963
pump_3_flow_m3h,total_pump_power_kw_lag19,0.21619410947403572
pump_3_flow_m3h,pump_1_flow_m3h_lag19,-0.12361101618153683
pump_3_flow_m3h,pump_2_flow_m3h_lag19,-0.13632378317359128
pump_3_flow_m3h,pump_3_flow_m3h_lag19,-0.11317489278590256
pump_3_flow_m3h,pump_4_flow_m3h_lag19,-0.15808333989943552
pump_3_flow_m3h,tank_level_m3_lag20,-0.014918723023261984
pump_3_flow_m3h,total_pump_power_kw_lag20,-0.008184524935220296
pump_3_flow_m3h,pump_1_flow_m3h_lag20,0.026282398961586656
pump_3_flow_m3h,pump_2_flow_m3h_lag20,0.04003057084217268
pump_3_flow_m3h,pump_3_flow_m3h_lag20,0.027860989633250358
pump_3_flow_m3h,pump_4_flow_m3h_lag20,0.011487883932524784
pump_3_flow_m3h,tank_level_m3_lag21,0.020248727366546194
pump_3_flow_m3h,total_pump_power_kw_lag21,-0.1497655364202881
pump_3_flow_m3h,pump_1_flow_m3h_lag21,0.10517401092508838
pump_3_flow_m3h,pump_2_flow_m3h_lag21,0.08958198683236886
pump_3_flow_m3h,pump_3_flow_m3h_lag21,0.08787569678665745
pump_3_flow_m3h,pump_4_flow_m3h_lag21,0.06955028776269381
pump_3_flow_m3h,tank_level_m3_lag22,-0.009610348480889208
pump_3_flow_m3h,total_pump_power_kw_lag22,-0.07143497275732016
pump_3_flow_m3h,pump_1_flow_m3h_lag22,0.0562944559818733
pump_3_flow_m3h,pump_2_flow_m3h_lag22,0.06458525848068924
pump_3_flow_m3h,pump_3_flow_m3h_lag22,0.03645528438152975
pump_3_flow_m3h,pump_4_flow_m3h_lag22,0.04128153918375131
pump_3_flow_m3h,tank_level_m3_lag23,0.0003064063763100894
pump_3_flow_m3h,total_pump_power_kw_lag23,-0.05070880747630184
pump_3_flow_m3h,pump_1_flow_m3h_lag23,0.04997134550826061
pump_3_flow_m3h,pump_2_flow_m3h_lag23,0.02503802555181937
pump_3_flow_m3h,pump_3_flow_m3h_lag23,0.03148933787471653
pump_3_flow_m3h,pump_4_flow_m3h_lag23,-0.006727330843730735
pump_3_flow_m3h,tank_level_m3_lag24,0.002331143192804458
pump_3_flow_m3h,total_pump_power_kw_lag24,0.07860672586852244
pump_3_flow_m3h,pump_1_flow_m3h_lag24,-0.049213478996862334
pump_3_flow_m3h,pump_2_flow_m3h_lag24,-0.043636262884421316
pump_3_flow_m3h,pump_3_flow_m3h_lag24,-0.027414544536780536
pump_3_flow_m3h,pump_4_flow_m3h_lag24,-0.05571425911341439
pump_3_flow_m3h,outflow_m3h_current,0.025730896319131273
pump_3_flow_m3h,pump_1_setpoint_percent_current,0.0037333275816394396
pump_3_flow_m3h,pump_2_setpoint_percent_current,-0.0008381666435739073
pump_3_flow_m3h,pump_3_setpoint_percent_current,0.26239957818419357
pump_3_flow_m3h,pump_4_setpoint_percent_current,-0.0024911737567439585
pump_3_flow_m3h,intercept,-6.864163572213902
pump_4_flow_m3h,tank_level_m3_lag1,0.013072549015890776
pump_4_flow_m3h,total_pump_power_kw_lag1,-0.026871784812393613
pump_4_flow_m3h,pump_1_flow_m3h_lag1,-0.0038557088745178264
pump_4_flow_m3h,pump_2_flow_m3h_lag1,0.005966268369646678
pump_4_flow_m3h,pump_3_flow_m3h_lag1,-0.0007709390925620015
pump_4_flow_m3h,pump_4_flow_m3h_lag1,-0.00875538494364707
pump_4_flow_m3h,tank_level_m3_lag2,-0.014056656165921387
pump_4_flow_m3h,total_pump_power_kw_lag2,-0.29782355927198984
pump_4_flow_m3h,pump_1_flow_m3h_lag2,0.1805868175623142
pump_4_flow_m3h,pump_2_flow_m3h_lag2,0.1986406766018643
pump_4_flow_m3h,pump_3_flow_m3h_lag2,0.17581389607078976
pump_4_flow_m3h,pump_4_flow_m3h_lag2,0.15629793180944287
pump_4_flow_m3h,tank_level_m3_lag3,0.0034305369692944794
pump_4_flow_m3h,total_pump_power_kw_lag3,-0.26478806311254655
pump_4_flow_m3h,pump_1_flow_m3h_lag3,0.16627130340457502
pump_4_flow_m3h,pump_2_flow_m3h_lag3,0.18055391793072426
pump_4_flow_m3h,pump_3_flow_m3h_lag3,0.12183240615751217
pump_4_flow_m3h,pump_4_flow_m3h_lag3,0.12973011661143624
pump_4_flow_m3h,tank_level_m3_lag4,0.012839064567191465
pump_4_flow_m3h,total_pump_power_kw_lag4,0.06115740195841517
pump_4_flow_m3h,pump_1_flow_m3h_lag4,-0.07542886959718867
pump_4_flow_m3h,pump_2_flow_m3h_lag4,-0.06927336396287306
pump_4_flow_m3h,pump_3_flow_m3h_lag4,-0.05097094516970253
pump_4_flow_m3h,pump_4_flow_m3h_lag4,-0.044948242240385725
pump_4_flow_m3h,tank_level_m3_lag5,0.004161892723810928
pump_4_flow_m3h,total_pump_power_kw_lag5,0.07361557233832355
pump_4_flow_m3h,pump_1_flow_m3h_lag5,-0.1017218548029153
pump_4_flow_m3h,pump_2_flow_m3h_lag5,-0.06598049981862275
pump_4_flow_m3h,pump_3_flow_m3h_lag5,-0.03808494815927879
pump_4_flow_m3h,pump_4_flow_m3h_lag5,-0.041595185756798575
pump_4_flow_m3h,tank_level_m3_lag6,-0.01971529311508327
pump_4_flow_m3h,total_pump_power_kw_lag6,-0.1218350351382129
pump_4_flow_m3h,pump_1_flow_m3h_lag6,0.08092256443458308
pump_4_flow_m3h,pump_2_flow_m3h_lag6,0.07994293561891931
pump_4_flow_m3h,pump_3_flow_m3h_lag6,0.09647463088622402
pump_4_flow_m3h,pump_4_flow_m3h_lag6,0.06234051879547953
pump_4_flow_m3h,tank_level_m3_lag7,-0.018284772096250762
pump_4_flow_m3h,total_pump_power_kw_lag7,-0.06270059137353398
pump_4_flow_m3h,pump_1_flow_m3h_lag7,0.09617628773240332
pump_4_flow_m3h,pump_2_flow_m3h_lag7,0.056684686171259546
pump_4_flow_m3h,pump_3_flow_m3h_lag7,0.044592035054238525
pump_4_flow_m3h,pump_4_flow_m3h_lag7,0.035942568099260816
pump_4_flow_m3h,tank_level_m3_lag8,0.022023387456900398
pump_4_flow_m3h,total_pump_power_kw_lag8,-0.07430444332438049
pump_4_flow_m3h,pump_1_flow_m3h_lag8,0.05179757568765324
pump_4_flow_m3h,pump_2_flow_m3h_lag8,0.027699198559437237
pump_4_flow_m3h,pump_3_flow_m3h_lag8,0.019142664519254726
pump_4_flow_m3h,pump_4_flow_m3h_lag8,0.034314689779686096
pump_4_flow_m3h,tank_level_m3_lag9,0.015118233119018422
pump_4_flow_m3h,total_pump_power_kw_lag9,-0.06673896394860468
pump_4_flow_m3h,pump_1_flow_m3h_lag9,-0.023898204272079906
pump_4_flow_m3h,pump_2_flow_m3h_lag9,0.0016629342516270764
pump_4_flow_m3h,pump_3_flow_m3h_lag9,0.03125229034884034
pump_4_flow_m3h,pump_4_flow_m3h_lag9,0.04378734532000331
pump_4_flow_m3h,tank_level_m3_lag10,-0.022141712417513282
pump_4_flow_m3h,total_pump_power_kw_lag10,0.17535887584330873
pump_4_flow_m3h,pump_1_flow_m3h_lag10,-0.13838366218213421
pump_4_flow_m3h,pump_2_flow_m3h_lag10,-0.11296787036256078
pump_4_flow_m3h,pump_3_flow_m3h_lag10,-0.09038095820177852
pump_4_flow_m3h,pump_4_flow_m3h_lag10,-0.08564235139777006
pump_4_flow_m3h,tank_level_m3_lag11,8.416757347019105e-05
pump_4_flow_m3h,total_pump_power_kw_lag11,0.009742663242535865
pump_4_flow_m3h,pump_1_flow_m3h_lag11,-0.0010478189080900258
pump_4_flow_m3h,pump_2_flow_m3h_lag11,-0.013798498673134225
pump_4_flow_m3h,pump_3_flow_m3h_lag11,0.0036778496640303346
pump_4_flow_m3h,pump_4_flow_m3h_lag11,0.002536181511682861
pump_4_flow_m3h,tank_level_m3_lag12,0.0035982355456102844
pump_4_flow_m3h,total_pump_power_kw_lag12,-0.07889426255698656
pump_4_flow_m3h,pump_1_flow_m3h_lag12,0.08272273898376006
pump_4_flow_m3h,pump_2_flow_m3h_lag12,0.05557354200512007
pump_4_flow_m3h,pump_3_flow_m3h_lag12,0.04339832864033051
pump_4_flow_m3h,pump_4_flow_m3h_lag12,0.05926289557326421
pump_4_flow_m3h,tank_level_m3_lag13,0.011671152699984727
pump_4_flow_m3h,total_pump_power_kw_lag13,-0.2739713282533016
pump_4_flow_m3h,pump_1_flow_m3h_lag13,0.13906349205720495
pump_4_flow_m3h,pump_2_flow_m3h_lag13,0.1543472322962648
pump_4_flow_m3h,pump_3_flow_m3h_lag13,0.13356045291992802
pump_4_flow_m3h,pump_4_flow_m3h_lag13,0.1451497983441684
pump_4_flow_m3h,tank_level_m3_lag14,-0.02182978660507416
pump_4_flow_m3h,total_pump_power_kw_lag14,-0.17868886246367155
pump_4_flow_m3h,pump_1_flow_m3h_lag14,0.09201283518944899
pump_4_flow_m3h,pump_2_flow_m3h_lag14,0.09695756591348807
pump_4_flow_m3h,pump_3_flow_m3h_lag14,0.10755939081650161
pump_4_flow_m3h,pump_4_flow_m3h_lag14,0.09475544749044569
pump_4_flow_m3h,tank_level_m3_lag15,0.0023128101048101243
pump_4_flow_m3h,total_pump_power_kw_lag15,-0.10855959771784804
pump_4_flow_m3h,pump_1_flow_m3h_lag15,0.038617942126303983
pump_4_flow_m3h,pump_2_flow_m3h_lag15,0.06811301983319254
pump_4_flow_m3h,pump_3_flow_m3h_lag15,0.04635547109151991
pump_4_flow_m3h,pump_4_flow_m3h_lag15,0.03195670985872436
pump_4_flow_m3h,tank_level_m3_lag16,0.03207467365382384
pump_4_flow_m3h,total_pump_power_kw_lag16,-0.008951948850479678
pump_4_flow_m3h,pump_1_flow_m3h_lag16,-0.03253391980486458
pump_4_flow_m3h,pump_2_flow_m3h_lag16,-0.021498589814025762
pump_4_flow_m3h,pump_3_flow_m3h_lag16,-0.028222717833945296
pump_4_flow_m3h,pump_4_flow_m3h_lag16,-0.002926921293982209
pump_4_flow_m3h,tank_level_m3_lag17,-0.016684994682407646
pump_4_flow_m3h,total_pump_power_kw_lag17,0.21179392032174602
pump_4_flow_m3h,pump_1_flow_m3h_lag17,-0.1431487818566114
pump_4_flow_m3h,pump_2_flow_m3h_lag17,-0.13079337113717077
pump_4_flow_m3h,pump_3_flow_m3h_lag17,-0.16878366598677425
pump_4_flow_m3h,pump_4_flow_m3h_lag17,-0.11752479801977875
pump_4_flow_m3h,tank_level_m3_lag18,-0.006900707836649107
pump_4_flow_m3h,total_pump_power_kw_lag18,0.3310654898482345
pump_4_flow_m3h,pump_1_flow_m3h_lag18,-0.20180969700222368
pump_4_flow_m3h,pump_2_flow_m3h_lag18,-0.22918533255766282
pump_4_flow_m3h,pump_3_flow_m3h_lag18,-0.17969191126667486
pump_4_flow_m3h,pump_4_flow_m3h_lag18,-0.21220632436297313
pump_4_flow_m3h,tank_level_m3_lag19,0.0004374890650140871
pump_4_flow_m3h,total_pump_power_kw_lag19,-0.13300254609811504
pump_4_flow_m3h,pump_1_flow_m3h_lag19,0.07905379796891525
pump_4_flow_m3h,pump_2_flow_m3h_lag19,0.058107629047973924
pump_4_flow_m3h,pump_3_flow_m3h_lag19,0.08499105296210051
pump_4_flow_m3h,pump_4_flow_m3h_lag19,0.07708717587144694
pump_4_flow_m3h,tank_level_m3_lag20,-0.014141229571669044
pump_4_flow_m3h,total_pump_power_kw_lag20,0.08677159029466863
pump_4_flow_m3h,pump_1_flow_m3h_lag20,-0.04299938584471331
pump_4_flow_m3h,pump_2_flow_m3h_lag20,-0.04098463843676767
pump_4_flow_m3h,pump_3_flow_m3h_lag20,-0.023277203263767365
pump_4_flow_m3h,pump_4_flow_m3h_lag20,-0.027366047734154325
pump_4_flow_m3h,tank_level_m3_lag21,0.01496556718715189
pump_4_flow_m3h,total_pump_power_kw_lag21,0.07235980655106469
pump_4_flow_m3h,pump_1_flow_m3h_lag21,-0.04033305298619778
pump_4_flow_m3h,pump_2_flow_m3h_lag21,-0.04245168430952222
pump_4_flow_m3h,pump_3_flow_m3h_lag21,-0.057820708154727736
pump_4_flow_m3h,pump_4_flow_m3h_lag21,-0.026628822052747567
pump_4_flow_m3h,tank_level_m3_lag22,0.006008412018436909
pump_4_flow_m3h,total_pump_power_kw_lag22,0.14360075534745678
pump_4_flow_m3h,pump_1_flow_m3h_lag22,-0.1010954543460802
pump_4_flow_m3h,pump_2_flow_m3h_lag22,-0.07828145920554799
pump_4_flow_m3h,pump_3_flow_m3h_lag22,-0.15002334662338235
pump_4_flow_m3h,pump_4_flow_m3h_lag22,-0.10988352380560402
pump_4_flow_m3h,tank_level_m3_lag23,-0.010867231504040148
pump_4_flow_m3h,total_pump_power_kw_lag23,0.04859790425968423
pump_4_flow_m3h,pump_1_flow_m3h_lag23,-0.012023477184548746
pump_4_flow_m3h,pump_2_flow_m3h_lag23,-0.024488824345241675
pump_4_flow_m3h,pump_3_flow_m3h_lag23,-0.03460811100291276
pump_4_flow_m3h,pump_4_flow_m3h_lag23,-0.018892655499245778
pump_4_flow_m3h,tank_level_m3_lag24,0.000856243154873905
pump_4_flow_m3h,total_pump_power_kw_lag24,-0.37222265838906693
pump_4_flow_m3h,pump_1_flow_m3h_lag24,0.21894914160654652
pump_4_flow_m3h,pump_2_flow_m3h_lag24,0.2013849049339498
pump_4_flow_m3h,pump_3_flow_m3h_lag24,0.2309652115757691
pump_4_flow_m3h,pump_4_flow_m3h_lag24,0.22662705881675693
pump_4_flow_m3h,outflow_m3h_current,0.013573841693541686
pump_4_flow_m3h,pump_1_setpoint_percent_current,-0.0011448387191143605
pump_4_flow_m3h,pump_2_setpoint_percent_current,-0.006584507108168353
pump_4_flow_m3h,pump_3_setpoint_percent_current,-0.003043406963957107
pump_4_flow_m3h,pump_4_setpoint_percent_current,0.27231582496791296
pump_4_flow_m3h,intercept,7.843881753397877
